"SNP","Chromosome","Position","Seed weight (meta-analysis)","Seed weight (CVARS)","Seed weight (GH)","Seed weight (UCR-CES)","Seed density","Seed width","Seed length"
"2_19762","VU01",37588701,"BLINK","","","","","",""
"2_50704","VU01",38345036,"BLINK","","","","","",""
"2_07286","VU01",38953729,"","","","","BLINK","",""
"2_47231","VU02",14292146,"BLINK","","","BLINK","","",""
"2_09625","VU02",20857395,"","","","","MLM","",""
"2_34525","VU03",849111,"MLM","MLM","MLM","","","",""
"2_14781","VU03",981635,"","","","","","BLINK",""
"2_16817","VU03",1232474,"MLM","MLM","","","","",""
"2_32612","VU03",1947673,"MLM","MLM","","","","",""
"2_26016","VU03",2223359,"MLM","MLM","MLM","","","",""
"2_52190","VU03",16981309,"BLINK","","","","","",""
"2_50600","VU03",45539798,"BLINK","","BLINK","","","",""
"2_05101","VU03",51419219,"BLINK","","BLINK","","","","BLINK"
"2_08497","VU03",51450779,"","","","","","BLINK",""
"2_40922","VU03",51562014,"MLM","","","","","",""
"2_39141","VU03",52077462,"BLINK","","","BLINK","","",""
"2_17188","VU03",52083646,"MLM","","","","","",""
"2_29499","VU03",52931236,"BLINK","","BLINK","","","BLINK",""
"2_33568","VU03",55716927,"BLINK","","BLINK","","","",""
"2_23051","VU03",59879829,"BLINK","","BLINK","","","",""
"2_14347","VU04",3483218,"BLINK","","BLINK","","","",""
"2_02621","VU04",15619363,"BLINK","","","","","",""
"2_25894","VU04",39757606,"MLM","MLM","","","","",""
"2_42023","VU05",1305585,"MLM","","","","","",""
"2_50956","VU05",1457971,"","MLM","","","","",""
"2_07617","VU05",1783613,"MLM","MLM","","","","",""
"2_32464","VU05",2102658,"MLM","","","","","",""
"2_40217","VU05",2129217,"","MLM","","","","",""
"2_18880","VU05",2762539,"MLM","MLM","","","","",""
"2_40348","VU05",3192252,"MLM","","","","","",""
"2_08777","VU05",4353210,"BLINK","","","","","",""
"2_41898","VU05",8531536,"BLINK","","","","","",""
"2_51069","VU05",37571053,"BLINK","","","BLINK","","",""
"2_08022","VU05",39230104,"MLM","","","","","",""
"2_28657","VU05",40216891,"MLM","","","","","",""
"2_01201","VU05",42454861,"","","","","","","BLINK"
"2_22058","VU06",1075171,"BLINK","BLINK","","","","",""
"2_07078","VU06",19698161,"MLM","MLM","MLM","","","",""
"2_53399","VU06",22864271,"","","BLINK","","","",""
"2_07358","VU06",32476947,"BLINK/MLM","BLINK","","","","BLINK",""
"2_11187","VU07",36036293,"","","","","","BLINK",""
"2_54557","VU08",5760863,"","","","","","BLINK",""
"2_35068","VU08",20713021,"","","","","","BLINK",""
"2_13819","VU08",21705264,"","","","","BLINK","",""
"2_50483","VU08",23709814,"BLINK/MLM","","BLINK","","","BLINK",""
"2_47320","VU08",32552059,"BLINK","","","","","",""
"2_26903","VU08",33600788,"BLINK","","BLINK","","","",""
"2_27144","VU08",36984438,"","","","","BLINK/MLM","BLINK",""
"2_03097","VU08",37187867,"","BLINK","","","","",""
"2_03096","VU08",37188634,"BLINK","","BLINK","","","",""
"2_02244","VU08",37626075,"","","","","","BLINK",""
"2_32728","VU08",37694097,"","","","","BLINK","",""
"2_17605","VU08",37710852,"MLM","","","","","",""
"2_02628","VU09",8735356,"","","","","","BLINK",""
"2_04574","VU09",31438727,"BLINK","","","BLINK","","",""
"2_48290","VU10",2892780,"","","","","BLINK","",""
"2_41504","VU10",23559066,"BLINK","","BLINK","","","",""
"2_50509","VU10",29351777,"MLM","MLM","","","","",""
"2_52225","VU10",30209807,"","","","","","BLINK",""
"2_17801","VU10",33240385,"","","","","","BLINK",""
"2_24784","VU10",34158765,"BLINK","","","BLINK","","",""
"2_08400","VU10",35932948,"MLM","","","","","",""
"2_21957","VU10",35971966,"BLINK","","","","","",""
"2_41753","VU11",24148832,"","","","","MLM","",""
"2_32743","VU11",38555786,"","MLM","","","","",""
"2_28551","VU11",38568662,"MLM","","MLM","","","",""
"2_50954","VU11",38665126,"","","","","","BLINK",""
"2_31363","VU11",38832150,"","MLM","","","","",""
"1_1347","VU11",39619018,"","","","","","BLINK",""
"2_04348","VU11",39683268,"","MLM","","","","",""
"2_20619","VU11",39703971,"MLM","","MLM","","","",""
"2_28512","VU12",433000,"MLM","MLM","","","","",""
"2_48486","VU12",927000,"MLM","MLM","","","","",""
